INSERT INTO core."_Action" ("Id", "Name") VALUES (0, 'Initial')ON CONFLICT DO NOTHING;
INSERT INTO core."_Action" ("Id", "Name") VALUES (1200, 'TransferCreate')ON CONFLICT DO NOTHING;
INSERT INTO core."_Action" ("Id", "Name") VALUES (1205, 'TransferCancel')ON CONFLICT DO NOTHING;
INSERT INTO core."_Action" ("Id", "Name") VALUES (1206, 'TransferFail') on conflict do nothing ;
INSERT INTO core."_Action" ("Id", "Name") VALUES (1210, 'TransferCreateWithApprove')ON CONFLICT DO NOTHING;
INSERT INTO core."_Action" ("Id", "Name") VALUES (1215, 'TransferReject')ON CONFLICT DO NOTHING;
INSERT INTO core."_Action" ("Id", "Name") VALUES (1220, 'TransferApprove')ON CONFLICT DO NOTHING;
INSERT INTO core."_Action" ("Id", "Name") VALUES (1250, 'TransferComplete')ON CONFLICT DO NOTHING;
INSERT INTO core."_Action" ("Id", "Name") VALUES (1300, 'DepositCreate')ON CONFLICT DO NOTHING;
INSERT INTO core."_Action" ("Id", "Name") VALUES (1305, 'DepositCancel')ON CONFLICT DO NOTHING;
INSERT INTO core."_Action" ("Id", "Name") VALUES (1310, 'DepositExecutePayment')ON CONFLICT DO NOTHING;
INSERT INTO core."_Action" ("Id", "Name") VALUES (1320, 'DepositCentralApprove')ON CONFLICT DO NOTHING;
INSERT INTO core."_Action" ("Id", "Name") VALUES (1325, 'DepositCentralReject')ON CONFLICT DO NOTHING;
INSERT INTO core."_Action" ("Id", "Name") VALUES (1330, 'DepositTenantApprove')ON CONFLICT DO NOTHING;
INSERT INTO core."_Action" ("Id", "Name") VALUES (1335, 'DepositTenantReject')ON CONFLICT DO NOTHING;
INSERT INTO core."_Action" ("Id", "Name") VALUES (1350, 'DepositComplete')ON CONFLICT DO NOTHING;
INSERT INTO core."_Action" ("Id", "Name") VALUES (1400, 'WithdrawalCreate')ON CONFLICT DO NOTHING;
INSERT INTO core."_Action" ("Id", "Name") VALUES (1405, 'WithdrawalCancel')ON CONFLICT DO NOTHING;
INSERT INTO core."_Action" ("Id", "Name") VALUES (1410, 'WithdrawalCentralApprove')ON CONFLICT DO NOTHING;
INSERT INTO core."_Action" ("Id", "Name") VALUES (1415, 'WithdrawalCentralReject')ON CONFLICT DO NOTHING;
INSERT INTO core."_Action" ("Id", "Name") VALUES (1420, 'WithdrawalTenantApprove')ON CONFLICT DO NOTHING;
INSERT INTO core."_Action" ("Id", "Name") VALUES (1425, 'WithdrawalTenantReject')ON CONFLICT DO NOTHING;
INSERT INTO core."_Action" ("Id", "Name") VALUES (1430, 'WithdrawalExecutePayment')ON CONFLICT DO NOTHING;
INSERT INTO core."_Action" ("Id", "Name") VALUES (1450, 'WithdrawalComplete')ON CONFLICT DO NOTHING;
INSERT INTO core."_Action" ("Id", "Name") VALUES (1500, 'RebateCreate')ON CONFLICT DO NOTHING;
INSERT INTO core."_Action" ("Id", "Name") VALUES (1505, 'RebateCancel')ON CONFLICT DO NOTHING;
INSERT INTO core."_Action" ("Id", "Name") VALUES (1510, 'RebateHold')ON CONFLICT DO NOTHING;
INSERT INTO core."_Action" ("Id", "Name") VALUES (1520, 'RebateRelease')ON CONFLICT DO NOTHING;
INSERT INTO core."_Action" ("Id", "Name") VALUES (1550, 'RebateComplete')ON CONFLICT DO NOTHING;
INSERT INTO core."_Action" ("Id", "Name") VALUES (1255, 'TransferWithDepositComplete')ON CONFLICT DO NOTHING;
INSERT INTO core."_Action" ("Id", "Name") VALUES (1265, 'TransferWithWithdrawalApprove')ON CONFLICT DO NOTHING;

INSERT INTO core."_State" ("Id", "Name") VALUES (0, 'Initialed') ON CONFLICT DO NOTHING;
INSERT INTO core."_State" ("Id", "Name") VALUES (200, 'TransferCreated') ON CONFLICT DO NOTHING;
INSERT INTO core."_State" ("Id", "Name") VALUES (205, 'TransferCanceled') ON CONFLICT DO NOTHING;
INSERT INTO core."_State" ("Id", "Name") VALUES (206, 'TransferFailed') on conflict do nothing;
INSERT INTO core."_State" ("Id", "Name") VALUES (210, 'TransferAwaitingApproval') ON CONFLICT DO NOTHING;
INSERT INTO core."_State" ("Id", "Name") VALUES (215, 'TransferRejected') ON CONFLICT DO NOTHING;
INSERT INTO core."_State" ("Id", "Name") VALUES (220, 'TransferApproved') ON CONFLICT DO NOTHING;
INSERT INTO core."_State" ("Id", "Name") VALUES (250, 'TransferCompleted') ON CONFLICT DO NOTHING;
INSERT INTO core."_State" ("Id", "Name") VALUES (300, 'DepositCreated') ON CONFLICT DO NOTHING;
INSERT INTO core."_State" ("Id", "Name") VALUES (305, 'DepositCanceled') ON CONFLICT DO NOTHING;
INSERT INTO core."_State" ("Id", "Name") VALUES (306, 'DepositFailed') ON CONFLICT DO NOTHING;
INSERT INTO core."_State" ("Id", "Name") VALUES (310, 'DepositPaymentCompleted') ON CONFLICT DO NOTHING;
INSERT INTO core."_State" ("Id", "Name") VALUES (320, 'DepositCentralApproved') ON CONFLICT DO NOTHING;
INSERT INTO core."_State" ("Id", "Name") VALUES (325, 'DepositCentralRejected') ON CONFLICT DO NOTHING;
INSERT INTO core."_State" ("Id", "Name") VALUES (330, 'DepositTenantApproved') ON CONFLICT DO NOTHING;
INSERT INTO core."_State" ("Id", "Name") VALUES (335, 'DepositTenantRejected') ON CONFLICT DO NOTHING;
INSERT INTO core."_State" ("Id", "Name") VALUES (350, 'DepositCompleted') ON CONFLICT DO NOTHING;
INSERT INTO core."_State" ("Id", "Name") VALUES (400, 'WithdrawalCreated') ON CONFLICT DO NOTHING;
INSERT INTO core."_State" ("Id", "Name") VALUES (405, 'WithdrawalCanceled') ON CONFLICT DO NOTHING;
INSERT INTO core."_State" ("Id", "Name") VALUES (406, 'WithdrawalFailed') ON CONFLICT DO NOTHING;
INSERT INTO core."_State" ("Id", "Name") VALUES (410, 'WithdrawalCentralApproved') ON CONFLICT DO NOTHING;
INSERT INTO core."_State" ("Id", "Name") VALUES (415, 'WithdrawalCentralRejected') ON CONFLICT DO NOTHING;
INSERT INTO core."_State" ("Id", "Name") VALUES (420, 'WithdrawalTenantApproved') ON CONFLICT DO NOTHING;
INSERT INTO core."_State" ("Id", "Name") VALUES (425, 'WithdrawalTenantRejected') ON CONFLICT DO NOTHING;
INSERT INTO core."_State" ("Id", "Name") VALUES (430, 'WithdrawalPaymentCompleted') ON CONFLICT DO NOTHING;
INSERT INTO core."_State" ("Id", "Name") VALUES (450, 'WithdrawalCompleted') ON CONFLICT DO NOTHING;
INSERT INTO core."_State" ("Id", "Name") VALUES (500, 'RebateCreated') ON CONFLICT DO NOTHING;
INSERT INTO core."_State" ("Id", "Name") VALUES (505, 'RebateCanceled') ON CONFLICT DO NOTHING;
INSERT INTO core."_State" ("Id", "Name") VALUES (510, 'RebateOnHold') ON CONFLICT DO NOTHING;
INSERT INTO core."_State" ("Id", "Name") VALUES (520, 'RebateReleased') ON CONFLICT DO NOTHING;
INSERT INTO core."_State" ("Id", "Name") VALUES (550, 'RebateCompleted') ON CONFLICT DO NOTHING;

INSERT INTO core."_Transition" ("Id", "ActionId", "OnStateId", "ToStateId", "RoleId") VALUES (270, 1450, 430, 450, 10)  ON CONFLICT DO NOTHING;
INSERT INTO core."_Transition" ("Id", "ActionId", "OnStateId", "ToStateId", "RoleId") VALUES (210, 1400, 0, 400, 10)  ON CONFLICT DO NOTHING;
INSERT INTO core."_Transition" ("Id", "ActionId", "OnStateId", "ToStateId", "RoleId") VALUES (260, 1430, 420, 430, 10)  ON CONFLICT DO NOTHING;
INSERT INTO core."_Transition" ("Id", "ActionId", "OnStateId", "ToStateId", "RoleId") VALUES (230, 1405, 400, 405, 10)  ON CONFLICT DO NOTHING;
INSERT INTO core."_Transition" ("Id", "ActionId", "OnStateId", "ToStateId", "RoleId") VALUES (250, 1425, 400, 425, 10)  ON CONFLICT DO NOTHING;
INSERT INTO core."_Transition" ("Id", "ActionId", "OnStateId", "ToStateId", "RoleId") VALUES (240, 1420, 400, 420, 10)  ON CONFLICT DO NOTHING;
INSERT INTO core."_Transition" ("Id", "ActionId", "OnStateId", "ToStateId", "RoleId") VALUES (235, 1405, 400, 405, 100)  ON CONFLICT DO NOTHING;
INSERT INTO core."_Transition" ("Id", "ActionId", "OnStateId", "ToStateId", "RoleId") VALUES (20, 1200, 0, 200, 10)  ON CONFLICT DO NOTHING;
INSERT INTO core."_Transition" ("Id", "ActionId", "OnStateId", "ToStateId", "RoleId") VALUES (30, 1200, 0, 200, 100)  ON CONFLICT DO NOTHING;
INSERT INTO core."_Transition" ("Id", "ActionId", "OnStateId", "ToStateId", "RoleId") VALUES (40, 1205, 200, 205, 10)  ON CONFLICT DO NOTHING;
INSERT INTO core."_Transition" ("Id", "ActionId", "OnStateId", "ToStateId", "RoleId") VALUES (50, 1205, 210, 205, 10)  ON CONFLICT DO NOTHING;
INSERT INTO core."_Transition" ("Id", "ActionId", "OnStateId", "ToStateId", "RoleId") VALUES (60, 1210, 0, 210, 10)  ON CONFLICT DO NOTHING;
INSERT INTO core."_Transition" ("Id", "ActionId", "OnStateId", "ToStateId", "RoleId") VALUES (70, 1210, 0, 210, 100)  ON CONFLICT DO NOTHING;
INSERT INTO core."_Transition" ("Id", "ActionId", "OnStateId", "ToStateId", "RoleId") VALUES (80, 1215, 210, 215, 10)  ON CONFLICT DO NOTHING;
INSERT INTO core."_Transition" ("Id", "ActionId", "OnStateId", "ToStateId", "RoleId") VALUES (100, 1220, 210, 220, 10)  ON CONFLICT DO NOTHING;
INSERT INTO core."_Transition" ("Id", "ActionId", "OnStateId", "ToStateId", "RoleId") VALUES (110, 1250, 200, 250, 1)  ON CONFLICT DO NOTHING;
INSERT INTO core."_Transition" ("Id", "ActionId", "OnStateId", "ToStateId", "RoleId") VALUES (120, 1250, 220, 250, 10)  ON CONFLICT DO NOTHING;
INSERT INTO core."_Transition" ("Id", "ActionId", "OnStateId", "ToStateId", "RoleId") VALUES (130, 1300, 0, 300, 10)  ON CONFLICT DO NOTHING;
INSERT INTO core."_Transition" ("Id", "ActionId", "OnStateId", "ToStateId", "RoleId") VALUES (140, 1300, 0, 300, 100)  ON CONFLICT DO NOTHING;
INSERT INTO core."_Transition" ("Id", "ActionId", "OnStateId", "ToStateId", "RoleId") VALUES (150, 1305, 300, 305, 10)  ON CONFLICT DO NOTHING;
INSERT INTO core."_Transition" ("Id", "ActionId", "OnStateId", "ToStateId", "RoleId") VALUES (160, 1305, 300, 305, 100)  ON CONFLICT DO NOTHING;
INSERT INTO core."_Transition" ("Id", "ActionId", "OnStateId", "ToStateId", "RoleId") VALUES (170, 1310, 300, 310, 10)  ON CONFLICT DO NOTHING;
INSERT INTO core."_Transition" ("Id", "ActionId", "OnStateId", "ToStateId", "RoleId") VALUES (180, 1330, 310, 330, 10)  ON CONFLICT DO NOTHING;
INSERT INTO core."_Transition" ("Id", "ActionId", "OnStateId", "ToStateId", "RoleId") VALUES (190, 1335, 310, 335, 10)  ON CONFLICT DO NOTHING;
INSERT INTO core."_Transition" ("Id", "ActionId", "OnStateId", "ToStateId", "RoleId") VALUES (200, 1350, 330, 350, 10)  ON CONFLICT DO NOTHING;
INSERT INTO core."_Transition" ("Id", "ActionId", "OnStateId", "ToStateId", "RoleId") VALUES (220, 1400, 0, 400, 100)  ON CONFLICT DO NOTHING;
INSERT INTO core."_Transition" ("Id", "ActionId", "OnStateId", "ToStateId", "RoleId") VALUES (280, 1500, 0, 500, 1)  ON CONFLICT DO NOTHING;
INSERT INTO core."_Transition" ("Id", "ActionId", "OnStateId", "ToStateId", "RoleId") VALUES (290, 1505, 500, 505, 1)  ON CONFLICT DO NOTHING;
INSERT INTO core."_Transition" ("Id", "ActionId", "OnStateId", "ToStateId", "RoleId") VALUES (300, 1510, 500, 510, 1)  ON CONFLICT DO NOTHING;
INSERT INTO core."_Transition" ("Id", "ActionId", "OnStateId", "ToStateId", "RoleId") VALUES (310, 1520, 510, 520, 1)  ON CONFLICT DO NOTHING;
INSERT INTO core."_Transition" ("Id", "ActionId", "OnStateId", "ToStateId", "RoleId") VALUES (320, 1550, 520, 550, 1)  ON CONFLICT DO NOTHING;
INSERT INTO core."_Transition" ("Id", "ActionId", "OnStateId", "ToStateId", "RoleId") VALUES (115, 1255, 200, 250, 10)  ON CONFLICT DO NOTHING;
INSERT INTO core."_Transition" ("Id", "ActionId", "OnStateId", "ToStateId", "RoleId") VALUES (330, 1550, 510, 550, 1)  ON CONFLICT DO NOTHING;
INSERT INTO core."_Transition" ("Id", "ActionId", "OnStateId", "ToStateId", "RoleId") VALUES (116, 1265, 200, 250, 10)  ON CONFLICT DO NOTHING;
INSERT INTO core."_Transition" ("Id", "ActionId", "OnStateId", "ToStateId", "RoleId") VALUES (118, 1265, 200, 250, 100)  ON CONFLICT DO NOTHING;
INSERT INTO core."_Transition" ("Id", "ActionId", "OnStateId", "ToStateId", "RoleId") VALUES (56, 1206, 200, 206, 1) on conflict do nothing;

